{"cameraMode":{"drawMode":0,"name":"Shaded","section":"Shading Mode"},"sceneLighting":true,"audioPlay":false,"sceneViewState":{"showFog":true,"showMaterialUpdate":false,"showSkybox":true,"showFlares":true,"showImageEffects":true,"showParticleSystems":true},"in2DMode":false,"pivot":{"x":4.266075134277344,"y":3.3099498748779299,"z":-0.4336392879486084},"rotation":{"x":0.04904881864786148,"y":0.6779243350028992,"z":-0.04541955515742302,"w":0.7320917844772339},"size":1.149059534072876,"orthographic":true}